6.740000000000001e-05,0.042892883909772445
6.791093152740897e-05,0.043206591488975335
6.84257362154366e-05,0.04352259360931701
6.894444342491191e-05,0.04384090717012129
6.946708273923611e-05,0.04416154883503715
6.999368396606994e-05,0.04448453536188438
7.05242771390338e-05,0.04480988362512883
7.105889251942044e-05,0.045137610702765785
7.159756059792098e-05,0.04546773413158053
7.214031209636386e-05,0.04580027166273077
7.268717796946702e-05,0.04613524118222456
7.323818940660332e-05,0.046472660695134095
7.379337783357933e-05,0.04681254808501995
7.435277491442762e-05,0.04715492116327767
7.491641255321284e-05,0.04749979786097164
7.548432289585099e-05,0.04784719623531503
7.605653833194309e-05,0.04819713458626516
7.663309149662229e-05,0.048549631618212095
7.721401527241515e-05,0.04890470621460366
7.779934279111712e-05,0.04926237740083189
7.838910743568208e-05,0.04962266430748795
7.898334284212627e-05,0.04998558589839894
7.958208290144662e-05,0.050351161120691615
8.018536176155378e-05,0.050719409052033405
8.07932138292195e-05,0.05109034890784033
8.140567377203911e-05,0.0514640003099312
8.202277652040858e-05,0.05184038342148738
8.264455726951682e-05,0.05221951859223067
8.327105148135288e-05,0.05260142632901823
8.39022948867285e-05,0.05298612717851232
8.453832348731594e-05,0.05337364128049967
8.51791735577012e-05,0.053763988748786684
8.582488164745296e-05,0.05415718983418707
8.647548458320704e-05,0.05455326495528872
8.71310194707668e-05,0.054952235266895626
8.779152369721931e-05,0.05535412263351766
8.845703493306765e-05,0.055758949115575364
8.912759113437951e-05,0.056166736950447625
8.980323054495175e-05,0.05657750818923283
9.048399169849167e-05,0.0569912840218746
9.116991342081466e-05,0.05740808559877252
9.186103483205855e-05,0.05782793420686919
9.25573953489148e-05,0.05825085134094942
9.325903468687645e-05,0.058676859350923906
9.39659928625033e-05,0.05910598116494175
9.467831019570417e-05,0.05953823989136334
9.539602731203635e-05,0.05997365881444683
9.611918514502277e-05,0.06041226133517602
9.684782493848642e-05,0.06085407092602525
9.758198824890269e-05,0.06129911122486637
9.832171694776936e-05,0.06174740604655937
9.906705322399481e-05,0.062198979259387006
9.981803958630399e-05,0.06265385418882871
0.000100574718865663,0.06311205405997108
0.00010133713421772176,0.0635736022473577
0.00010210532912527526,0.06403852231581152
0.00010287934740074367,0.06450683904972386
0.00010365923318867093,0.06497857858201596
0.00010444503096824259,0.06545376732421236
0.00010523678555582238,0.06593243191152241
0.00010603454210750851,0.06641459872167484
0.00010683834612170878,0.06690029270307171
0.00010764824344173567,0.0673895386229072
0.00010846428025842077,0.0678823614067926
0.00010928650311274936,0.06837878618894566
0.00011011495889851466,0.06887883889297838
0.00011094969486499228,0.0693825460564671
0.00011179075861963514,0.06988993442009661
0.00011263819813078847,0.07040103092136765
0.0001134920617304258,0.07091586277379963
0.00011435239811690529,0.07143445755353234
0.00011521925635774723,0.07195684306425214
0.0001160926858924325,0.07248304731955747
0.00011697273653522225,0.0730130985030088
0.00011785945847799889,0.07354702471866156
0.0001187529022931288,0.07408485415086859
0.00011965311893634652,0.07462661518645171
0.00012056015974966095,0.07517233641546062
0.00012147407646428351,0.07572204659116041
0.00012239492120357862,0.0762757746180166
0.00012332274648603622,0.07683354960272196
0.0001242576052282673,0.07739540085911539
0.0001251995507480219,0.07796135797782192
0.00012614863676722963,0.07853145104166182
0.000127104917415064,0.07910571042708976
0.00012806844723102937,0.07968416673601098
0.00012903928116807155,0.08026685079047166
0.00013001747459571186,0.0808537935270462
0.00013100308330320508,0.08144502601630024
0.00013199616350272124,0.08204057955210446
0.00013299677183255162,0.0826404856560197
0.0001340049653603389,0.08324477612516454
0.0001350208015863321,0.08385348310282112
0.00013604433844666573,0.08446663898669603
0.00013707563431666417,0.08508427641401456
0.00013811474801417103,0.0857064282406384
0.00013916173880290376,0.0863331273697857
0.00014021666639583332,0.08696440684358575
0.0001412795909585902,0.08760029994073691
0.00014235057311289562,0.08824084017474981
0.00014342967394001896,0.08888606106298583
0.00014451695498426143,0.08953599599792064
0.00014561247825646613,0.09019067856827782
0.00014671630623755484,0.09085014258968305
0.00014782850188209127,0.09151442246546196
0.0001489491286218716,0.09218355462511105
0.0001500782503695423,0.09285757634594483
0.00015121593152224514,0.09353652521821415
0.0001523622369652901,0.09422043904544673
0.00015351723207585567,0.09490935376017191
0.00015468098272671785,0.09560330344598539
0.00015585355529000686,0.09630232229654205
0.0001570350166409926,0.09700644469921833
0.00015822543416189872,0.09771570621633185
0.00015942487574574567,0.09843014552791804
0.00016063340980022276,0.09914980215350122
0.00016185110525158977,0.0998747159392869
0.0001630780315486079,0.1006049269563977
0.0001643142586665007,0.101340474486909
0.00016555985711094498,0.1020813974340793
0.00016681489792209192,0.10282773497408361
0.00016807945267861867,0.1035795265622124
0.00016935359350181076,0.10433681148205777
0.00017063739305967537,0.10509962846624551
0.00017193092457108578,0.10586801641329706
0.00017323426180995726,0.10664201447292125
0.0001745474791094546,0.1074216624089542
0.00017587065136623177,0.10820700242956882
0.0001772038540447029,0.10899807788601366
0.000178547163181347,0.10979493248716123
0.00017990065538904407,0.11059761023351429
0.0001812644078614446,0.11140615351747517
0.00018263849837737227,0.11222060280380476
0.00018402300530525993,0.11304099868037779
0.00018541800760761904,0.11386738197587427
0.00018682358484554314,0.11469979468304965
0.00018823981718324567,0.11553828234414451
0.00018966678539263172,0.11638289159700901
0.0001911045708579047,0.11723366947094264
0.0001925532555802083,0.11809066322526486
0.00019401292218230274,0.1189539182912502
0.00019548365391327714,0.11982347883701147
0.00019696553465329783,0.12069938928436227
0.0001984586489183918,0.1215816943468859
0.00019996308186526695,0.1224704395364632
0.00020147891929616938,0.1233656717619197
0.0002030062476637762,0.12426743841369525
0.00020454515407612646,0.12517578722954956
0.00020609572630158964,0.1260907663030635
0.00020765805277387047,0.12701242412416763
0.0002092322225970533,0.12794080955882917
0.0002108183255506836,0.1288759718328298
0.00021241645209488848,0.12981796052730257
0.0002140266933755358,0.13076682529717046
0.0002156491412294327,0.131722615766527
0.00021728388818956305,0.13268538188254808
0.00021893102749036495,0.13365517394426465
0.00022059065307304839,0.13463204269953813
0.0002222628595909527,0.13561603966219685
0.0002239477424149451,0.13660721682904509
0.00022564539763885984,0.13760562657654177
0.00022735592208497887,0.13861132165791698
0.00022907941330955377,0.1396243551133528
0.00023081596960836974,0.14064478028482535
0.0002325656900223517,0.14167265089706116
0.00023432867434321282,0.1427080210623545
0.00023610502311914588,0.14375094507739633
0.00023789483766055824,0.14480147709676086
0.00023969822004584927,0.14585967156609508
0.0002415152731272325,0.14692558330584563
0.00024334610053660177,0.14799926765427293
0.00024519080669144124,0.14908078160586388
0.00024704949680078085,0.1501701832559191
0.0002489222768711968,0.15126753115238972
0.0002508092537128573,0.15237288427792778
0.0002527105349456141,0.15348630109128975
0.00025462622900514074,0.1546078389313402
0.0002565564451491167,0.15573755538649853
0.0002585012934634586,0.15687550842995457
0.0002604608848685992,0.15802175669924126
0.0002624353311258129,0.15917636067171295
0.0002644247448435901,0.16033938173443008
0.0002664292394840598,0.16151088173369468
0.00026844892936946037,0.16269092293943552
0.0002704839296886597,0.16387956719572228
0.00027253435650372504,0.16507687589774264
0.000274600326756542,0.16628291082165475
0.00027668195827548433,0.16749773416493347
0.00027877936978213416,0.1687214089954344
0.0002808926808980524,0.16995400019747356
0.0002830220121516019,0.17119557340243105
0.0002851674849848211,0.1724461947356881
0.0002873292217603502,0.1737059307132069
0.0002895073457684102,0.17497484714063222
0.000291701981233834,0.17625300952701892
0.0002939132533231519,0.17754048381756837
0.00029614128815172946,0.17883733640913724
0.00029838621279096116,0.18014363427325045
0.00030064815527551693,0.1814594450691938
0.00030292724461064455,0.1827848369507972
0.0003052236107795274,0.18411987854513945
0.00030753738475069743,0.18546463922086967
0.000309868698485505,0.18681919050934373
0.0003122176849456448,0.18818360513425958
0.00031458447810073925,0.18955795638352815
0.00031696921293597897,0.19094231803837905
0.0003193720254598216,0.1923367621231674
0.00032179305271174855,0.19374135842243703
0.000324232432770081,0.19515617699302093
0.00032669030475985443,0.19658128831894583
0.0003291668088607543,0.1980167644674218
0.0003316620863151098,0.19946268226347136
0.0003341762794359498,0.20091912012278115
0.0003367095316151197,0.2023861570876484
0.00033926198733145904,0.2038638725868924
0.00034183379215904137,0.20535234317709575
0.0003444250927754778,0.20685164333049053
0.00034703603697028117,0.20836184791740034
0.0003496667736532956,0.2098830322762674
0.0003523174528631894,0.21141527374360725
0.0003549882257760117,0.21295865360279762
0.0003576792447138147,0.21451325421708797
0.0003603906631533416,0.21607915858161342
0.0003631226357347787,0.21765644995907193
0.00036587531827057595,0.21924520939120748
0.000368648867754333,0.2208455171436905
0.0003714434423697529,0.22245745399267824
0.0003742592014996641,0.22408110127256628
0.0003770963057351104,0.22571654255885887
0.0003799549168845097,0.22736386439740275
0.0003828351979828827,0.22902315416182717
0.0003857373133011514,0.2306944998869143
0.0003886614283555072,0.2323779894836421
0.0003916077099168517,0.23407370795778318
0.0003945763260203078,0.2357817398661257
0.0003975674459748029,0.23750217028899379
0.0004005812403727254,0.23923508499738896
0.00040361788109965433,0.24098057333372058
0.0004066775413441621,0.24273872794567358
0.0004097603956076915,0.24450964227937164
0.0004128666197145095,0.24629341049401354
0.00041599639082173367,0.24809012614426393
0.0004191498874294363,0.24989987992052268
0.0004223272893908252,0.25172276251442993
0.0004255287779225009,0.2535588651935275
0.0004287545356147918,0.25540827999289306
0.00043200474644216827,0.2572711013315493
0.0004352795957737353,0.2591474252680345
0.0004385792703838039,0.26103734854749405
0.00044190395846254425,0.2629409686006788
0.0004452538496267183,0.2648583838618718
0.00044862913493049427,0.2667896939892259
0.00045203000687634283,0.26873499940984863
0.00045545665942601653,0.2706944012775679
0.0004589092880116117,0.27266800083430887
0.00046238808954671444,0.2746558965335782
0.0004658932624376315,0.2766581862617172
0.0004694250065947057,0.27867496849403406
0.0004729835234437174,0.2807063424181499
0.0004765690159373727,0.2827524107684634
0.0004801816885668781,0.2848132800349632
0.00048382174737360333,0.2868890576308407
0.00048748939996083276,0.2889798517597896
0.0004911848555056052,0.2910857706450505
0.0004949083247706441,0.2932069207849966
0.0004986600201163782,0.29534340888708155
0.0005024401555130524,0.2974953423611628
0.0005062489465529317,0.29966282933086075
0.0005100866104625974,0.3018459787168988
0.000513953366115335,0.3040449002142636
0.0005178494340436179,0.3062597042423722
0.0005217750364516859,0.30849050194996075
0.0005257303972282159,0.3107374054102232
0.0005297157419590931,0.31300052781520377
0.000533731297940276,0.3152799831580732
0.0005377772941907595,0.3175758861953861
0.0005418539614656368,0.31988835239275687
0.0005459615322692605,0.32221749759593604
0.0005501002408685018,0.3245634382560747
0.0005542703233061125,0.3269262915882515
0.0005584720174141877,0.3293061756038935
0.0005627055628277275,0.33170321002570813
0.0005669712009983073,0.33411751653311006
0.0005712691752078468,0.336549217720333
0.0005755997305824847,0.33899843703388355
0.0005799631141065601,0.34146529760460337
0.0005843595746366985,0.343949918824986
0.0005887893629160036,0.34645241967833534
0.0005932527315883598,0.34897291982044876
0.0005977499352128404,0.3515115399299633
0.0006022812302782246,0.3540684066416769
0.0006068468752176279,0.35664365153073035
0.0006114471304232408,0.35923740724638775
0.000616082258261178,0.3618498074049992
0.000620752523086444,0.36448098388317707
0.0006254581912580096,0.36713106310602717
0.0006301995311540022,0.3698001713264187
0.0006349768131870127,0.37248843550793714
0.000639790309819519,0.37519598378387947
0.0006446402955794231,0.37792294871915116
0.00064952704707571,0.38066946551704106
0.0006544508430142237,0.38343567028835274
0.000659411964213561,0.38622170001724243
0.0006644106936210887,0.38902769118081915
0.000669447316329081,0.3918537790766863
0.0006745221195909775,0.3947000996580183
0.000679635392837769,0.3975667896931197
0.0006847874276945018,0.40045398731380166
0.0006899785179969112,0.40336183405359416
0.00069520895980818,0.4062904731162836
0.0007004790514358239,0.4092400486497032
0.0007057890934487033,0.4122107056237104
0.000711139388694168,0.4152025874438625
0.0007165302423153281,0.4182158360908709
0.0007219619617684567,0.4212505942822964
0.0007274348568405267,0.4243070055586122
0.0007329492396668777,0.4273852144721836
0.0007385054247490174,0.430485366930526
0.0007441037289725606,0.43360760978443336
0.0007497444716253002,0.4367520907438148
0.0007554279744154178,0.43991895850772034
0.0007611545614898321,0.44310836391341024
0.0007669245594526852,0.4463204594414626
0.0007727382973839699,0.4495553985172422
0.0007785961068582991,0.452813335491222
0.0007844983219638151,0.45609442439517217
0.0007904452793212444,0.4593988180026857
0.0007964373181030959,0.46272666972831805
0.0008024747800530057,0.4660781338380082
0.0008085580095052258,0.46945336587259406
0.0008146873534042653,0.47285252464142313
0.0008208631613246747,0.4762757707452928
0.0008270857854909854,0.47972326575664986
0.0008333555807977979,0.48319517210021157
0.0008396729048300202,0.4866916499163789
0.000846038117883265,0.49021285670247894
0.0008524515829843971,0.4937589505682435
0.0008589136659122367,0.49733009040751
0.000865424735218423,0.500926436925962
0.0008719851622484328,0.504548155105728
0.000878595321162758,0.5081954115745045
0.0008852555889582482,0.5118683739016527
0.0008919663454896098,0.5155672105351458
0.0008987279734910694,0.5192920900310702
0.0009055408585982048,0.5230431812975053
0.0009124053893699379,0.5268206541443253
0.0009193219573106938,0.5306246792894862
0.0009262909568927313,0.5344554273266856
0.000933312785578641,0.5383130676120487
0.0009403878438440118,0.5421977700738442
0.0009475165352002732,0.5461097054654955
0.0009546992662177085,0.5500490453841811
0.0009619364465486404,0.5540159623771649
0.0009692284889507981,0.5580106298757204
0.0009765758093108563,0.562033222145751
0.0009839788266681534,0.5660839143201666
0.0009914379632385926,0.5701628835444811
0.0009989536444387223,0.5742703093376363
0.0010065262989099953,0.5784063722325469
0.0010141563585432203,0.5825712536835256
0.0010218442585031907,0.5867651344152198
0.0010295904372535035,0.5909881892986889
0.0010373953365815684,0.5952405921773709
0.0010452594016238023,0.5995225175287897
0.0010531830808910162,0.6038341408331739
0.0010611668262939969,0.6081756441872792
0.0010692110931692807,0.612547215331655
0.0010773163403051198,0.6169490430905361
0.0010854830299676526,0.6213813172347344
0.0010937116279272651,0.6258442267022998
0.0011020026034851554,0.6303379569803453
0.0011103564295001005,0.6348626936864683
0.001118773582415425,0.6394186231997984
0.0011272545422861709,0.644005932031666
0.0011357997928064815,0.6486248020826315
0.001144409821337185,0.6532754131275749
0.0011530851189335885,0.6579579454238813
0.0011618261803734884,0.6626725797897427
0.0011706335041853872,0.6674195010851853
0.001179507592676923,0.672198900117331
0.0011884489519635234,0.6770109688736429
0.0011974580919972668,0.6818559000890184
0.0012065355265959666,0.6867338864579767
0.0012156817734724774,0.6916451175254391
0.0012248973542642214,0.6965897822544426
0.0012341827945629364,0.701568070177183
0.0012435386239446557,0.7065801714160969
0.0012529653759999091,0.7116262771992043
0.0012624635883641548,0.7167065798455994
0.0012720338027484436,0.7218212722748715
0.0012816765649703147,0.7269705479803901
0.0012913924249849218,0.7321545992359813
0.0013011819369164038,0.7373736135955612
0.0013110456590894849,0.7426277780202448
0.0013209841540613165,0.7479172797937609
0.0013309979886535653,0.753242306651767
0.0013410877339847377,0.7586030481046054
0.001351253965502753,0.7639996948851583
0.0013614972630177633,0.7694324380937451
0.0013718182107352237,0.7749014691717746
0.0013822173972892048,0.7804069793690223
0.0013926954157759733,0.7859491593015264
0.0014032528637878115,0.7915281997641687
0.0014138903434471003,0.7971442918158695
0.0014246084614406647,0.8027976264671581
0.0014354078290543678,0.8084883931588003
0.00144628906220798,0.8142167808366492
0.001457252781490307,0.8199829785872245
0.0014682996121945767,0.8257871754597375
0.0014794301843541096,0.8316295558558446
0.001490645132778249,0.8375102987830482
0.001501945097088562,0.8434295827622372
0.001513330721755325,0.8493875860864977
0.001524802656134277,0.8553844894985471
0.0015363615545036522,0.8614204830540165
0.0015480080761015,0.8674957589625388
0.0015597428851632797,0.8736105095413114
0.0015715666509597444,0.8797649264327935
0.0015834800478351123,0.8859591910924192
0.0015954837552455282,0.892193477433266
0.0016075784577978093,0.8984679587485606
0.0016197648452884968,0.9047828078444695
0.0016320436127431944,0.911138197618987
0.0016444154604562046,0.9175343017388667
0.0016568810940304744,0.9239712935317068
0.001669441224417834,0.9304493458040358
0.0016820965679595439,0.936968630417567
0.001694847846427154,0.9435293157310396
0.0017076957870636646,0.950131568125605
0.0017206411226250037,0.9567755532349098
0.0017336845914218205,0.9634614359357437
0.0017468269373615908,0.9701893807295812
0.0017600689099910457,0.9769595518656674
0.00177341126453892,0.9837721128148744
0.0017868547619590259,0.9906272262068557
0.00180040016897365,0.997525051744944
0.0018140482581172853,1.0044657394109686
0.0018277998077806895,1.0114494356297083
0.0018416556022552767,1.0184762855073597
0.001855616431777851,1.025546432930733
0.0018696830925756765,1.0326600226630802
0.0018838563869118836,1.0398172000155517
0.001898137123131231,1.0470181090264372
0.0019125261157062025,1.0542628923637192
0.0019270241852834618,1.061551688008267
0.0019416321587306553,1.0688846240466074
0.0019563508691835727,1.0762618254695053
0.0019711811560936586,1.0836834154091501
0.0019861238652758937,1.091149515247043
0.0020011798489570336,1.0986602457486228
0.002016349965824209,1.106215726438131
0.0020316350810739054,1.113816074889314
0.0020470360664613047,1.121461406610816
0.0020625538003500032,1.1291518308182777
0.0020781891677621087,1.1368874478460842
0.0020939430604287185,1.1446683550246006
0.002109816376840769,1.1524946472037412
0.002125810022300289,1.1603664163855913
0.0021419249089720278,1.1682837503332753
0.002158161955935475,1.1762467336047773
0.0021745220892372846,1.184255448023686
0.002191006241944088,1.1923099723990032
0.0022076153541957058,1.2004103774540098
0.0022243503732587715,1.2085567256741325
0.0022412122535807573,1.2167490761029007
0.0022582019568444015,1.2249874845048683
0.0022753204520225673,1.2332720029762099
0.0022925687154334985,1.2416026791909718
0.0023099477307965016,1.249979557150759
0.0023274584892880546,1.2584026773199763
0.0023451019895983356,1.266872075723523
0.0023628792379881756,1.2753877752716312
0.0023807912483464573,1.2839497889777338
0.0023988390422479346,1.2925581255666243
0.002417023649011494,1.301212789497376
0.002435346105758868,1.3099137806443555
0.002453807457473777,1.3186610940040469
0.00247240875706153,1.3274547200492088
0.0024911510654090784,1.3362946447168658
0.0025100354514455154,1.3451808488668966
0.0025290629922030475,1.3541133056938586
0.0025482347728784153,1.3630919824187036
0.0025675518868947854,1.3721168413450884
0.0025870154359641157,1.3811878395085917
0.002606626530149987,1.3903049200139972
0.00262638628793091,1.3994680102204715
0.0026462958362641217,1.4086770312017354
0.002666356310649855,1.4179318982460367
0.0026865688551960983,1.4272325186724144
0.002706934622683852,1.4365787860346295
0.0027274547746328746,1.4459705858311904
0.0027481304813679187,1.4554077971737678
0.002768962922085491,1.4648902930188876
0.0027899532849210984,1.4744179441401621
0.0028111027670170087,1.4839906180384959
0.002832412574590532,1.4936081758025512
0.0028538839230028163,1.5032704719124408
0.002875518036828152,1.512977344332154
0.002897316149923828,1.522728602135403
0.002919279505500494,1.5325240438458883
0.00294140935619306,1.5423634602244343
0.0029637069641321504,1.5522466348913222
0.002986173601016077,1.562173348948801
0.0030088105481833683,1.5721433781338017
0.003031619096685852,1.582156490323092
0.0030546005473622907,1.5922124452514483
0.003077756210912558,1.602310986193478
0.003101087407972408,1.6124518364540117
0.0031245954691887885,1.6226347097843856
0.003148281735295728,1.6328593111278522
0.0031721475571908067,1.6431253342800183
0.0031961942960122033,1.6534324539549317
0.003220423323216317,1.6637803327056544
0.003244836020655995,1.674168623567963
0.0032694337806593397,1.6845969697120824
0.0032942180061091126,1.695064999797449
0.0033191901105227525,1.7055723283747233
0.0033443515181329924,1.7161185597744213
0.0033697036639690767,1.7267032881594189
0.00339524799393862,1.737326095887235
0.0034209859649100634,1.7479865508116237
0.0034469190447957623,1.758684209562029
0.00347304871263571,1.7694186181264666
0.0034993764586818926,1.7801893099409871
0.0035259037844832756,1.7909957903389422
0.0035526322029714513,1.8018375438304692
0.0035795632385469183,1.8127140431868827
0.0036066984271660232,1.8236247494319304
0.0036340393164285656,1.8345691100566752
0.0036615874656660595,1.8455465578029993
0.0036893444460306636,1.8565565130944575
0.003717311840584789,1.8675983842191919
0.0037454912443913974,1.8786715665746452
0.0037738842646049564,1.8897754395752222
0.003802492520563103,1.9009093689524732
0.0038313176438790155,1.9120727078991884
0.0038603612785344465,1.9232647965482979
0.003889625080973494,1.9344849512448525
0.003919110720197085,1.9457324638795457
0.0039488198778581405,1.9570066125057441
0.0039787542483575,1.9683066617938565
0.004008915538940559,1.9796318602929879
0.004039305469794631,1.9909814344353007
0.004069925774147054,2.0023545951538617
0.004100778198364059,2.0137505395014803
0.004131864502050343,2.0251684497319724
0.004163186458149442,2.0366074838319013
0.0041947458530448515,2.048066778832874
0.004226544486661894,2.059545457211325
0.004258584172570378,2.071042626947893
0.00429086673808805,2.082557379319759
0.004323394024384781,2.0940887867614797
0.004356167886587593,2.1056359065206194
0.004389190193886466,2.117197781116264
0.004422462829640932,2.1287734381759735
0.0044559876914874825,2.14036188960093
0.004489766691447829,2.151962132116089
0.004523801756037908,2.163573147647381
0.0045580948263777826,2.1751939029233274
0.004592647858302355,2.1868233364584087
0.004627462822472887,2.1984603553760103
0.004662541704489417,2.21010385040936
0.004697886505003999,2.2217526968814094
0.004733499239834796,2.2334057552848647
0.004769381940081052,2.2450618729100347
0.00480553665223895,2.2567198822933876
0.004841965438318301,2.26837860075008
0.004878670375960158,2.280036829731414
0.004915653558555324,2.291693345300494
0.004952917095363722,2.30334690033334
0.0049904631116347,2.314996232106968
0.005028293748728255,2.3266400625607915
0.0050664111642371385,2.3382770979136613
0.005104817532109917,2.3499060281335136
0.005143515042774977,2.3615255279060907
0.005182505903265422,2.3731342568699807
0.005221792337344964,2.3847308580547604
0.005261376585634758,2.396313946326586
0.00530126090574117,2.4078821151341563
0.005341447572384544,2.419433942848473
0.005381938877528958,2.430967993035579
0.005422737130512899,2.442482819901364
0.005463844658180999,2.4539769708945336
0.005505263805016751,2.4654489798069372
0.005546996933276196,2.476897366331947
0.005589046423122655,2.488320633920219
0.005631414672762502,2.499717261499676
0.005674104098581907,2.5110857110403297
0.005717117135284661,2.5224244307854704
0.005760456236031055,2.5337318547619114
0.0058041238725777605,2.5450063905269356
0.005848122535418809,2.556246420338496
0.005892454733927657,2.5674503126331167
0.0059371229965002655,2.578616422678358
0.0059821298706993235,2.589743100076658
0.006027477923399549,2.600828702004965
0.0060731697409340665,2.6118715770906062
0.006119207929241915,2.6228700622566383
0.006165595114016702,2.6338224801549805
0.006212333940856314,2.644727114279983
0.00625942707541382,2.6555822207409348
0.0063068772035495225,2.6663860440570546
0.006354687031484097,2.6771368178467663
0.006402859285952966,2.6878327814180256
0.006451396714361819,2.6984721918748136
0.006500302084943275,2.709053299558398
0.006549578186914778,2.719574345685487
0.006599227830637699,2.7300335514141443
0.006649253847777574,2.7404290658372075
0.0066996590914656234,2.750759006597583
0.006750446436461499,2.761021482094524
0.006801618779317191,2.771214593544949
0.006853179038542261,2.7813364768744973
0.006905130154770296,2.791385306780212
0.006957475090926595,2.8013592538631262
0.007010216832397167,2.8112564827894286
0.007063358387199018,2.821075133254246
0.007116902786151668,2.830813274849799
0.007170853083050024,2.8404689578602085
0.007225212354838571,2.850040226971475
0.007279983701786817,2.8595251220181006
0.007335170247666134,2.868921681747656
0.007390775139927928,2.8782279431838305
0.007446801549883115,2.887441939760548
0.00750325267288301,2.8965617017958643
0.007560131728501578,2.9055852609595965
0.007617441960719031,2.914510654896327
0.007675186638106849,2.9233359207406373
0.007733369054014221,2.9320590946774754
0.0077919925267558345,2.940678201847871
0.007851060399801149,2.9491911946060347
0.007910576041965104,2.957595994492895
0.007970542847600208,2.9658905228857497
0.008030964236790157,2.974072702283841
0.008091843655544904,2.9821404775733273
0.008153184575997162,2.9900918224348145
0.008214990496600441,2.997924715153574
0.008277264942328605,3.005637137539166
0.008340011464876866,3.013227058423117
0.008403233642864362,3.0206923824439964
0.008466935082038296,3.0280310015416565
0.00853111941547952,3.0352408127454353
0.008595790303809768,3.042319719055177
0.008660951435400462,3.0492656329236985
0.008726606526583015,3.056076476395562
0.008792759321860813,3.062750179538081
0.0088594135941228,3.0692846810044427
0.008926573144858601,3.075677900831559
0.008994241804375365,3.0819277015649216
0.009062423432016244,3.0880319459557093
0.009131121916380441,3.0939885076022424
0.009200341175545027,3.099795271206605
0.009270085157288426,3.1054501293303454
0.009340357839315496,3.1109509854800614
0.009411163229484447,3.1162957572004233
0.00948250536603542,3.1214823762331037
0.009554388317820765,3.126508752737358
0.009626816184537116,3.13137275762403
0.009699793096959237,3.136072274150599
0.009773323217175564,3.140605203325278
0.00984741073882561,3.144969468490089
0.009922059887339128,3.149163030405306
0.009997274920177133,3.1531838758407673
0.010073060127074662,3.15703001311887
0.010149419830285462,3.1606994695135917
0.01022635838482853,3.164190223000402
0.010303880178736423,3.1675002071119067
0.010381989633305565,3.1706273774023077
0.010460691203348426,3.173569715130944
0.010539989377447542,3.1763252521606806
0.010619888678211533,3.1788921170391142
0.010700393662533076,3.1812684796445256
0.010781508921848731,3.183452539847567
0.010863239082400854,3.1854425188321382
0.010945588805501444,3.187236569496689
0.011028562787797964,3.1888328179546637
0.011112165761541209,3.1902294230887076
0.011196402494855245,3.191424579134721
0.01128127779200928,3.1924165815849967
0.011366796493691707,3.1932038783839376
0.011452963477286202,3.193784967123453
0.011539783657149834,3.1941583841868093
0.011627261984893398,3.194322684597603
0.01171540344966381,3.1942763401600893
0.011804213078428633,3.1940178191382924
0.011893695936262782,3.193545632305822
0.011983857126637451,3.192858337843482
0.012074701791711098,3.191954645322078
0.012166235112622761,3.1908334282047837
0.012258462309787582,3.1894936122537674
0.012351388643194482,3.1879341701688664
0.012445019412706178,3.186154113266714
0.012539359958361496,3.1841524697817656
0.01263441566067984,3.181928310515911
0.012730191940968125,3.1794807564994003
0.012826694261629967,3.1768089829516954
0.012923928126477188,3.1739122584172597
0.013021899081043713,3.1707899329382223
0.013120612712901922,3.1674414100808694
0.013220074651981216,3.163866147166911
0.013320290570889178,3.160063684115707
0.01342126618523511,3.1560336749778655
0.013523007253955948,3.151775836248116
0.013625519579644755,3.1472899398735765
0.013728809008881678,3.1425758208946384
0.013832881432567347,3.1376334218526156
0.01393774278625886,3.1324627640539853
0.014043399050508365,3.1270639256342005
0.014149856251204062,3.1214370420703377
0.014257120459913916,3.1155823162180223
0.01436519779423198,3.109500021600291
0.014474094418127215,3.1031904904405994
0.014583816542295087,3.096654113020789
0.01469437042451181,3.0898913503319543
0.014805762369991173,3.0829027737393093
0.014917998731744184,3.0756890262440058
0.015031085910941443,3.0682508088498985
0.015145030357278131,3.0605888828809316
0.015259838569341906,3.0527041054748345
0.01537551709498357,3.0445974226727617
0.015492072531690437,3.0362698387661107
0.015609511526962636,3.0277224152696762
0.01572784077869229,3.0189562764604534
0.015847067035545444,3.0099726176642494
0.015967197097346966,3.0007726929219793
0.016088237815468445,2.9913578125784785
0.01621019609321883,2.9817293538207323
0.016333078886238212,2.9718888441193747
0.01645689320289455,2.961837914086786
0.01658164610468329,2.9515782477815735
0.01670734470663017,2.9411115829182544
0.016833996177697035,2.9304397737031254
0.016961607741190623,2.9195648243531407
0.01709018667517456,2.9084887961633337
0.017219740312884518,2.897213798217017
0.01735027604314636,2.8857420248699155
0.01748180131079756,2.8740759091357666
0.01761432361711189,2.8622179866668613
0.017747850520227128,2.850170833089629
0.01788238963557616,2.8379370717844328
0.018017948636321373,2.8255195567754514
0.018154535253792174,2.8129213633240275
0.018292157277925984,2.8001456034489802
0.01843082255771257,2.7871954168201465
0.01857053900164159,2.7740741030347142
0.018711314578153688,2.760785384331457
0.018853157316095024,2.747333070911466
0.018996075305175053,2.733720983302027
0.019140076696427987,2.719952985258148
0.0192851697026777,2.706033323143665
0.019431362599006047,2.6919664714437097
0.01957866372322484,2.6777568984421065
0.019727081476351455,2.6634090636300454
0.019876624323087854,2.6489276835798705
0.020027300792303408,2.6343179477984235
0.020179119477521372,2.619585064439006
0.02033208903740888,2.6047342043606103
0.020486218196270858,2.5897705800112556
0.020641515744547624,2.5746998560660828
0.020797990539316143,2.5595278278788784
0.020955651504795204,2.544260228033268
0.021114507632854478,2.5289027358577414
0.021274567983527223,2.513461319728697
0.02143584168552705,2.497942278893666
0.021598337936768637,2.482351845316936
0.021762066004892208,2.466696158770859
0.021927035227792102,2.4509813815067174
0.022093255014149462,2.435213996929073
0.022260734843968684,2.419400472299606
0.022429484269118144,2.403547160366614
0.022599512913875058,2.3876603194681087
0.022770830475474246,2.371746383971696
0.022943446724661237,2.3558118750131247
0.023117371506249627,2.3398631857984826
0.0232926147396824,2.3239065767106406
0.02346918641959773,2.3079483124191835
0.023647096616399084,2.2919948198586146
0.023826355476829406,2.276052418668008
0.02400697322454995,2.2601272806231822
0.024188960160723322,2.244225464110596
0.024372326664600968,2.228353135463694
0.024557083194115117,2.212516421703949
0.024743240286475326,2.1967212926625685
0.02493080855876933,2.180973565768088
0.025119798708568612,2.165279097284412
0.025310221514538562,2.149643846633144
0.025502087837053142,2.1340736252542976
0.0256954086188143,2.11857407888225
0.025890194885476146,2.103150774640319
0.02608645774627365,2.087809486826042
0.02628420839465632,2.072555917602948
0.02648345810892661,2.0573955952453207
0.02668421825288307,2.0423338916037235
0.0268865002764685,2.0273762738736765
0.02709031571642307,2.0125282617692375
0.02729567619694211,1.9977952049478063
0.027502593430339183,1.9831822790062663
0.027711079217714124,1.9686945829013902
0.02792114544962596,1.9543372901544742
0.02813280410677112,1.9401154403974135
0.02834606726066682,1.9260339031753244
0.028560947074339375,1.912097377469143
0.028777455803017965,1.898310357229995
0.028995605794833696,1.8846771573146641
0.02921540949152365,1.8712019420036938
0.0294368794291406,1.8578887267635475
0.029660028238767944,1.8447411817191688
0.029884868647240156,1.8317625192819331
0.030111413477868505,1.8189558056663815
0.03033967565117249,1.8063239955376968
0.030569668185616797,1.7938697642994919
0.030801404198353633,1.7815949561283244
0.031034896905970905,1.7695011460126944
0.03127015962524609,1.7575898437260582
0.03150720577390558,1.7458624018273126
0.03174604887138998,1.734319352306822
0.031986702539625274,1.7229608269029726
0.03222918050379957,1.7117869339285718
0.03247349659314592,1.7007976788633266
0.032719664741731165,1.6899921867863363
0.03296769898925049,1.6793690812998647
0.033217613481828154,1.6689270014393602
0.033469422472824466,1.6586645198735048
0.033723140323648454,1.6485794522224602
0.03397878150457704,1.6386692523420796
0.03423636059558044,1.6289314235591537
0.034495892287153496,1.6193633562298277
0.03475739138115363,1.6099616261885998
0.035020872791645084,1.600722597566307
0.0352863515457494,1.5916427108846019
0.03555384278450247,1.582718056460471
0.03582336176371827,1.5739437974276813
0.03609492385485863,1.5653150531102067
0.03636854454591013,1.5568269996874597
0.036644239442267454,1.5484740711152132
0.036922024267623206,1.540250077616831
0.037201914864864835,1.5321489309342724
0.03748392719697824,1.5241643001526732
0.03776807734795805,1.516288598355571
0.038054381523724964,1.5085140629141278
0.0383428560530502,1.5008330252740214
0.038633517388486506,1.493237005393357
0.03892638210730665,1.4857169071955274
0.03922146691244896,1.4782637850926688
0.0395187886334697,1.4708683506996545
0.03981836422750307,1.4635204275724893
0.040120210780228364,1.4562099046398989
0.04042434550684427,1.4489266855878793
0.04073078575305075,1.4416600405503994
0.041039548996038504,1.4343992173924907
0.041350652845485406,1.4271336246556172
0.041664115044561065,1.419852413809914
0.041979953470938816,1.4125447317800062
0.04229818613781514,1.405199933878652
0.042618831194937104,1.3978072883385704
0.04294190692963762,1.3903560931779875
0.04326743176787818,1.382835887937805
0.04359542427529988,1.3752362884798341
0.04392590315828239,1.3675470425755034
0.04425888726501058,1.3597581655555893
0.04459439558654961,1.351859798253345
0.04493244725792818,1.3438422671959214
0.0452730615592296,1.3356961989103282
0.045616257916691556,1.3274124248641972
0.04596205590381405,1.318982047695315
0.04631047524247567,1.3103965777059972
0.04666153580405831,1.3016482254855373
0.04701525761058081,1.2927296880749106
0.047371660835840455,1.2836341410173036
0.047730765806563796,1.2743554728521984
0.04809259300356598,1.2648880288935678
0.04845716306291865,1.255227142125528
0.048824496777126955,1.2453694011247995
0.04919461509631556,1.2353119154201115
0.04956753912942324,1.2250531374565532
0.04994329014540686,1.2145924675252222
0.050321889574454666,1.2039300206032197
0.05070335900920811,1.19306750419748
0.05108772020599353,1.1820072049103678
0.051474995086063124,1.1707526402539368
0.051865205736844895,1.1593085519865363
0.05225837441320252,1.1476802016574947
0.0526545235387047,1.135874314178018
0.05305367570690385,1.1238981260699756
0.053455853682624704,1.111760120024799
0.05386108040326289,1.0994699936771481
0.05426937898009281,1.087037891890244
0.054680772699585864,1.0744753407473497
0.05509528502473871,1.0617941665429798
0.055512939596411154,1.049007753517524
0.05593376023467455,1.036130314916048
0.05635777094017053,1.0231767474162734
0.05678499589547953,1.010163117612824
0.0572154594665001,0.997105673498964
0.05764918620383875,0.9840221538178983
0.05808620084420983,0.9709302607319605
0.058526528311846536,0.9578484032644716
0.05897019371992244,0.9447949580168838
0.0594172223719836,0.9317887061791174
0.05986763976339181,0.9188486503783635
0.06032147158277874,0.9059935003995206
0.060778743713510885,0.8932419086240743
0.06123948223516577,0.8806120437493777
0.061703713425019596,0.8681220810150424
0.06217146375954556,0.8557895829632569
0.06264275991592409,0.8436320286121107
0.06311762877356439,0.8316660335197638
0.06359609741563724,0.8199077026343703
0.0640781931306197,0.8083726699180994
0.06456394341385166,0.7970756122186187
0.06505337596910367,0.7860303983139038
0.0655465187101571,0.7752500127682042
0.06604339976239629,0.7647461966971308
0.06654404746441235,0.7545294559029967
0.0670484903696195,0.7446092388918776
0.06755675724788383,0.7349929755374299
0.06806887708716364,0.7256871424747301
0.06858487909516295,0.7166963686585891
0.06910479270099754,0.7080237905563755
0.06962864755687294,0.6996713968084752
0.07015647353977573,0.6916390562363993
0.07068830075317789,0.6839259451350903
0.07122415952875305,0.6765288504787522
0.0717640804281068,0.6694437215722643
0.07230809424451974,0.662664582772071
0.0728562320047035,0.6561840656656421
0.07340852497057027,0.6499934000048496
0.07396500464101616,0.6440816706992974
0.07452570275371714,0.6384369595393236
0.07509065128693938,0.6330444632503369
0.07565988246136328,0.6278889960551971
0.07623342874192067,0.6229540970453661
0.0768113228396466,0.6182228536606655
0.07739359771354518,0.6136753390568319
0.07798028657246887,0.6092906092304722
0.07857142287701273,0.6050466301369726
0.07916704034142295,0.6009209420652833
0.07976717293551924,0.5968902159503986
0.08037185488663254,0.5929307049951907
0.08098112068155716,0.5890183437173412
0.08159500506851737,0.5851289846261817
0.08221354305914935,0.5812386180207574
0.08283676993049824,0.5773235120929107
0.08346472122702961,0.5733604944836141
0.08409743276265698,0.5693270443689928
0.08473494062278455,0.565201773649448
0.0853772811663648,0.5609644085899793
0.08602449102797237,0.5565965120795652
0.08667660711989375,0.5520811089452285
0.08733366663423195,0.5474030358150869
0.08799570704502792,0.5425487852891328
0.0886627661103981,0.5375075791712199
0.08933488187468727,0.5322705702304882
0.0900120926706388,0.52683137900554
0.09069443712158066,0.5211862678944772
0.09138195414362853,0.5153347265426593
0.09207468294790482,0.5092793086769347
0.0927726630427752,0.5030254438304529
0.09347593423610226,0.4965825075661245
0.09418453663751519,0.4899625306649751
0.09489851066069777,0.4831806604727797
0.09561789702569343,0.4762541725716215
0.09634273676122712,0.46920270953459775
0.09707307120704566,0.4620477458271609
0.09780894201627556,0.45481204954688387
0.09855039115779829,0.447519947660293
0.09929746091864396,0.4401965515696573
0.10005019390640355,0.43286791478484193
0.10080863305165817,0.425560865480987
0.10157282161042804,0.4183024038228769
0.10234280316663953,0.41111952141240826
0.10311862163461057,0.40403868049073044
0.10390032126155525,0.39708557096452546
0.10468794663010793,0.3902843424461284
0.10548154266086504,0.38365751536178816
0.1062811546149476,0.3772258739390266
0.10708682809658268,0.37100750631932494
0.10789860905570389,0.3650181774008961
0.10871654379057225,0.35927137701278383
0.10954067895041708,0.3537770502504986
0.11037106153809591,0.3485421678278724
0.11120773891277545,0.34357087178702167
0.11205075879263306,0.3388634118078244
0.11290016925757748,0.33441714715571824
0.11375601875199141,0.3302269372938091
0.11461835608749465,0.3262843489065025
0.11548723044572742,0.32257843599653985
0.11636269138115563,0.31909587737006617
0.11724478882389736,0.3158204735496474
0.11813357308257001,0.31273340727114407
0.11902909484715976,0.3098133383850808
0.11993140519191298,0.3070365397409004
0.12084055557824841,0.3043777776359617
0.12175659785769255,0.3018105090848923
0.12267958427483724,0.2993075946814862
0.12360956747031855,0.2968422331188117
0.1245466004838195,0.29438788564066815
0.12549073675709535,0.2919189446532897
0.12644203013702088,0.28941104049168237
0.1274005348786617,0.2868412670892936
0.12836630564836907,0.2841888456805773
0.12933939752689677,0.28143549552302816
0.13031986601254317,0.2785659518705508
0.13130776702431646,0.2755683328041259
0.1323031569051235,0.27243433615687557
0.1333060924249834,0.2691595942994003
0.13431663078426556,0.26574366377841724
0.1353348296169515,0.26219028142114215
0.136360746993922,0.2585073483406753
0.1373944414262697,0.25470667435592265
0.13843597186863507,0.2508036942342581
0.1394853977225695,0.24681665182796184
0.1405427788399232,0.24276606380729582
0.14160817552625826,0.23867399170314352
0.14268164854428822,0.23456365756520486
0.14376325911734406,0.2304591410611744
0.14485306893286506,0.22638494480257676
0.14595114014591754,0.22236550916296466
0.14705753538274002,0.21842433959450408
0.14817231774431425,0.21458322670688468
0.1492955508099644,0.21086157411318102
0.1504272986409837,0.2072757952631232
0.15156762578428698,0.2038390942680019
0.15271659727609274,0.2005611920611827
0.15387427864563244,0.19744837362102266
0.15504073591888712,0.19450332960573705
0.1562160356223536,0.1917251253689432
0.1574002447868388,0.18910935465158543
0.1585934309512822,0.18664827749690002
0.15979566216660798,0.18433102971486023
0.1610070069996067,0.18214361064345302
0.16222753453684494,0.18006939459273238
0.16345731438860597,0.17808944867194584
0.16469641669286023,0.17618321553770525
0.16594491211926482,0.17432947402844853
0.16720287187319408,0.1725072053765028
0.16847036769980148,0.17069597139750922
0.16974747188811026,0.16887672420972685
0.17103425727513685,0.16703175660179018
0.17233079725004555,0.16514552088539372
0.17363716575833293,0.1632049127707285
0.17495343730604596,0.16120023619591076
0.17627968696403154,0.15912543212040042
0.17761599037221715,0.15697849631704155
0.17896242374392518,0.15476120194705853
0.18031906387022037,0.15247903936362858
0.18168598812428816,0.1501407372946854
0.18306327446584808,0.14775772002050178
0.18445100144560067,0.14534350158513842
0.18584924820970622,0.1429132487874041
0.18725809450429945,0.14048345493909034
0.18867762068003796,0.13807108544053207
0.190107907696684,0.1356930219087343
0.19154903712772225,0.1333651952360607
0.19300109116501282,0.13110145285779873
0.1944641526234778,0.1289131516530912
0.19593830494582487,0.12680904696788942
0.197423632207307,0.12479500234292351
0.1989202191205163,0.12287395783706342
0.200428151040216,0.12104606223711427
0.20194751396820929,0.11930841504674006
0.2034783945582419,0.11765497287452713
0.20502088012094766,0.11607699825394437
0.2065750586288249,0.11456350663812608
0.2081410187212555,0.11310209131123276
0.20971884970955984,0.11167959494229791
0.21130864158209037,0.11028298357731299
0.21291048500936377,0.10889948196003164
0.21452447134923347,0.10751712006286643
0.21615069265209794,0.10612523557398629
0.217789241666152,0.10471524114837916
0.21944021184267615,0.10328137662693514
0.22110369734136648,0.10182022696695339
0.2227797930357043,0.10033179694680583
0.22446859451836879,0.09881833480045513
0.22617019810668654,0.09728436315746102
0.22788470084812631,0.09573629341049476
0.22961220052583356,0.09418223363063433
0.23135279566420744,0.0926316147560644
0.2331065855345193,0.09109437745636191
0.23487367016057634,0.08958019357173506
0.23665415032442344,0.08809761699418962
0.23844812757209302,0.0866537009418035
0.24025570421939596,0.08525398062784095
0.24207698335775701,0.08390233420343905
0.2439120688600939,0.08260049888426324
0.24576106538674328,0.08134800889367903
0.24762407839142736,0.08014194427484475
0.24950121412726967,0.07897764111819094
0.2513925796528548,0.07784921093912928
0.2532982828383343,0.07675005242098193
0.255218432371578,0.07567304208476172
0.25715313776437526,0.07461101336020273
0.25910250935867735,0.07355701794273907
0.2610666583328929,0.07250521549073462
0.2630456967082279,0.07145129793486785
0.26503973735507497,0.07039285906614028
0.26704889399944987,0.06932900074872148
0.26907328122947977,0.06826009130923943
0.2711130145019356,0.06718812249751233
0.27316821014881876,0.06611658862017149
0.2752389853839955,0.065050078320972
0.27732545830988187,0.06399343546996519
0.279427747924179,0.06295133248291472
0.28154597412666194,0.061928064461880046
0.2836802577260148,0.060927231685978654
0.2858307204467228,0.05995171858774094
0.2879974849360144,0.059003056843162864
0.29018067477085563,0.058081283711574325
0.29238041446499813,0.05718500979152693
0.29459682947608223,0.056312203609131334
0.2968300462127893,0.05546019383473911
0.29908019204205305,0.05462550491194649
0.30134739529632326,0.053804318435647536
0.30363178528088514,0.05299313664858312
0.30593349228123284,0.05218911979246254
0.308252647570503,0.05139021599033526
0.3105893834169579,0.05059512325111811
0.3129438330915312,0.04980318513882508
0.3153161308754284,0.04901488183219638
0.31770641206778555,0.048231751367119914
0.3201148129933846,0.04745570578058296
0.32254147101043135,0.046688585565423255
0.3249865245183853,0.04593251258023408
0.3274501129658558,0.04518954792530509
0.32993237685855437,0.04446127345831852
0.3324334577673083,0.043748487777261674
0.3349534983361341,0.043051272916670304
0.3374926422903753,0.04236924689208918
0.34005103444489626,0.04170166422742326
0.3426288207123433,0.041047033334447085
0.3452261481114663,0.04040352626728071
0.34784316477550353,0.03976963555608177
0.35048001996062933,0.039144014865854164
0.3531368640544692,0.03852543922967879
0.35581384858467346,0.03791304509951047
0.35851112622756115,0.037306609674740455
0.36122885081682765,0.03670652362058004
0.36396717735231765,0.03611319956000351
0.36672626200886527,0.035527258556901455
0.36950626214520316,0.03494970866879192
0.3723073363129335,0.03438144430129105
0.37512964426557344,0.03382297401698528
0.3779733469676654,0.03327457708149916
0.38083860660395724,0.03273639645334366
0.38372558658865186,0.032208272972465306
0.38663445157472964,0.031689503331235006
0.3895653674633351,0.031179397836629288
0.39251850141324135,0.030677425382726088
0.39549402185038296,0.03018278159164991
0.3984920984774621,0.029694821527674872
0.40151290228362607,0.029213257970302216
0.40455660555422224,0.028738022797236827
0.40762338188062003,0.02826902526475448
0.4107134061701136,0.02780641442307664
0.41382685465589764,0.02735067017652434
0.41696390490711704,0.026901932429601767
0.4201247358389946,0.02646038929985682
0.4233095277230378,0.026026276805879118
0.42651846219731526,0.025599576284143465
0.42975172227681974,0.025180048716953344
0.4330094923639048,0.024767474437460385
0.436291958258802,0.024361653679516624
0.43959930717021695,0.023962084644384964
0.4429317277260093,0.023568520681099592
0.4462894099839462,0.02318076564183184
0.44967254544254487,0.02279876445566462
0.45308132705199344,0.02242249343952097
0.4565159492251561,0.02205192633875408
0.45997660784865924,0.02168703444846467
0.4634635002940674,0.021327786732481684
0.466976825429135,0.02097414993995192
0.47051678362915134,0.020626088719484854
0.47408357678836793,0.02028356573081291
0.4776774083315132,0.01994654010300071
0.48129848322539415,0.019614939166496002
0.48494700799058577,0.019288664530347447
0.4886231907132125,0.018967619117406555
0.4923272410568111,0.018651708051326613
0.49605937027429187,0.018340838600057117
0.4998197912199859,0.018034920120883133
0.503608718361785,0.017733864006961784
0.5074263677933726,0.01743758363531242
0.5112729572465514,0.01714599431621505
0.5151487061036565,0.016859014337683723
0.5190538354100704,0.016576574012770507
0.5229885678868293,0.016298610282305215
0.5269531279433256,0.016025060785347326
0.5309477416901054,0.015755863796301228
0.5349726369517681,0.01549095822462334
0.5390280432799546,0.015230283614332193
0.5431141919664427,0.014973780143326204
0.5472313160563375,0.014721388622515154
0.5513796503613625,0.014473050494771725
0.5555594314732509,0.014228707466957985
0.5597708977772433,0.013988299936485284
0.564014289465677,0.013751768431199752
0.5682898485516886,0.013519054299028046
0.5725978188830169,0.01329009969871993
0.5769384461559092,0.013064847590127883
0.5813119779291337,0.012843241724574928
0.585718663638102,0.012625226635309874
0.5901587546090895,0.012410747628050996
0.5946325040735732,0.012199750771663433
0.599140167182673,0.01199218303706195
0.6036820010217043,0.01178799259877783
0.6082582646248387,0.011587128417803573
0.6128692189898817,0.011389540135345088
0.6175151270931524,0.011195178065792412
0.6221962539044854,0.011003993189716808
0.6269128664023425,0.010815937146896217
0.631665233589038,0.010630962229369484
0.6364536265060813,0.010449021374520832
0.6412783182496382,0.010270068154324541
0.6461395839861002,0.01009405630194531
0.651037700967783,0.009920939303871553
0.655972948548737,0.009750671255009075
0.66094560820068,0.009583206957987318
0.6659559635290502,0.00941850191241796
0.6710043002891839,0.009256512304316419
0.6760909064026073,0.0090971949956841
0.681216071973462,0.008940507514248313
0.6863800893050487,0.008786408043358177
0.6915832529164987,0.008634855426213029
0.69682585955957,0.008485809616302254
0.7021082082355765,0.008339231731218272
0.7074306002124339,0.008195083467609658
0.7127933390418462,0.00805332705818786
0.7181967305766175,0.007913925265505698
0.7236410829880957,0.007776841375779662
0.7291267067837472,0.00764203919275773
0.7346539148248702,0.007509483031631266
0.7402230223444319,0.0073791377129932105
0.7458343469650509,0.007250968559011949
0.7514882087171122,0.0071249414173606175
0.7571849300570183,0.007001022645377831
0.7629248358855789,0.006879179078729766
0.7687082535665472,0.006759378025095211
0.7745355129452808,0.00664158725856513
0.7804069463675599,0.006525775014083666
0.7863228886985415,0.006411909981931105
0.7922836773418557,0.006299961302248997
0.7982896522588494,0.006189898559607632
0.8043411559879797,0.006081691706564748
0.8104385336643425,0.005975310570822441
0.8165821330393603,0.005870725184978764
0.8227723045006168,0.005767906064143646
0.8290094010918378,0.005666824199951816
0.835293778533027,0.005567451052866417
0.8416257952407582,0.005469758544608473
0.8480058123486092,0.005373719050710743
0.854434193727763,0.005279305393193463
0.8609113060077596,0.005186490833359868
0.8674375185974065,0.005095249204945921
0.8740132037058443,0.005005555401712819
0.8806387363637826,0.0049173848660064665
0.8873144944448783,0.004830713386226006
0.8940408586872945,0.0047455170929790146
0.9008182127154121,0.004661772455277493
0.9076469430617105,0.004579456276750965
0.9145274391888097,0.004498545691877614
0.9214600935116903,0.004419018162233921
0.9284453014200633,0.004340851472541257
0.9354834613009274,0.004264023561222483
0.9425749745612881,0.004188512241132077
0.9497202456510517,0.004114295604042179
0.9569196820860904,0.004041352097339505
0.9641736944714904,0.003969660518357466
0.9714826965249601,0.0038992000087977306
0.9788471051004333,0.0038299500492397754
0.98626734021184,0.0037618904537371762
0.9937438250570628,0.003695001364499081
1.0012769860420705,0.003629263248487314
1.0088672528052447,0.0035646570319959317
1.0165150582418718,0.0035011641811035325
1.0242208385288412,0.0034387664656509746
1.0319850331495184,0.003377445931111353
1.0398080849188105,0.0033171848949430692
1.0476904400084193,0.00325796594297962
1.0556325479722959,0.003199771925855861
1.0636348617722677,0.0031425859554708667
1.071697837803881,0.0030863914014869855
1.0798219359224275,0.0030311718833222856
1.0880076194691717,0.0029769111545748642
1.096255355297775,0.0029235931016427154
1.1045656138009285,0.002871201866237912
1.112938868937171,0.0028197218477091905
1.1213755982579259,0.0027691376990126157
1.129876282934737,0.0027194343227427494
1.1384414077867104,0.0026705968672233217
1.1470714613081638,0.0026226107226566563
1.1557669356964935,0.0025754615173309166
1.1645283268802353,0.0025291351221262857
1.173356134547356,0.0024836177388306807
1.1822508621737502,0.002438895855621216
1.191213017051955,0.0023949561730781054
1.2002431103200806,0.0023517855998672565
1.2093416569909696,0.0023093712498059534
1.2185091759815587,0.0022677004389630257
1.2277461901424802,0.0022267606827929966
1.2370532262878813,0.0021865396933041224
1.2464308152254697,0.002147025376259936
1.2558794917867846,0.002108205814349727
1.2653997948577078,0.0020700691846326715
1.2749922674091863,0.0020326038184035255
1.2846574565282072,0.001995798240050985
1.2943959134489977,0.0019596411641068087
1.304208193584464,0.0019241214921997573
1.3140948565578652,0.0018892283100564993
1.3240564662347405,0.001854950884548899
1.3340935907550524,0.0018212786607869824
1.3442068025656015,0.0017882012592568327
1.3543966784526695,0.0017557084887156354
1.3646637995749165,0.0017237903886751771
1.3750087514965248,0.001692437175435053
1.385432124220602,0.0016616392231799083
1.39593451222282,0.0016313870616222858
1.406516514485326,0.0016016713736764986
1.4171787345309035,0.0015724829931633123
1.4279217804573932,0.001543812902545135
1.4387462649723726,0.0015156522306913546
1.4496528054281013,0.001487992250635788
1.4606420238567377,0.0014608243660219167
1.471714547005801,0.001434140094205154
1.4828710063739268,0.0014079310891669064
1.4941120382468807,0.0013821891434993374
1.5054382837338482,0.0013569061862125334
1.516850388803995,0.0013320742805742207
1.5283490043233205,0.0013076856219815206
1.539934786091761,0.0012837325358644781
1.5516083948806045,0.001260207475620722
1.5633704964701736,0.0012371030206139886
1.575221761687794,0.0012144118758897723
1.587162866446055,0.0011921268708866763
1.599194491781368,0.001170240954945386
1.6113173238927903,0.001148747195186528
1.6235320541811744,0.0011276387746382852
1.6358393792885957,0.0011069089903919076
1.6482400011380864,0.001086551251784668
1.6607346269736631,0.0010665590786099496
1.6733239694006752,0.0010469260993540325
1.6860087464264308,0.0010276460495578688
1.698789681501157,0.001008712772003502
1.7116675035592577,0.0009901202147309675
1.724642947060887,0.0009718624274671744
1.7377167520338355,0.000953933559927852
1.7508896641157468,0.0009363278602199128
1.7641624345966258,0.0009190396732677344
1.7775358204616998,0.0009020634392628579
1.7910105844345878,0.00088539369213695
1.8045874950208012,0.0008690250580575974
1.8182673265515712,0.0008529522536846734
1.8320508592280225,0.0008371700823172532
1.845938879165653,0.0008216734337705529
1.85993217843918,0.0008064572846036646
1.8740315551277116,0.000791516696732088
1.8882378133602633,0.0007768468160401705
1.9025517633616182,0.000762442871014849
1.9169742214985468,0.0007483001714003362
1.931506010326349,0.0007344141068735562
1.9461479586357802,0.0007207801457398984
1.9609009015003147,0.0007073938335771741
1.9757656803237749,0.0006942507916334564
1.9907431428883118,0.000681346715879718
2.0058341434027755,0.0006686773759418882
2.0210395425514083,0.0006562386138924873
2.0363602075429474,0.00064402634306077
2.0517970121600806,0.0006320365468614146
2.067350836809281,0.0006202652776414299
2.0830225685710158,0.0006087086555450511
2.0988131012503533,0.0005973628673963416
2.114723335427917,0.0005862241656085819
2.1307541785112645,0.0005752888671232165
2.1469065447866322,0.0005645533523167931
2.1631813554710853,0.0005540140639448108
2.17957953876505,0.0005436675061092819
2.196102029905266,0.0005335102432424948
2.212749771218106,0.0005235388991067879
2.229523712173334,0.0005137501558100438
2.246424809438248,0.000504140752836715
2.2634540269322496,0.0004947074860967367
2.280612335881808,0.0004854472073983968
2.2979007148758708,0.0004763568239302106
2.3153201499216522,0.0004674332965433491
2.3328716345008846,0.00045867363874837954
2.350556169626472,0.0004500749158392055
2.3683747638995856,0.0004416342440308357
2.386328433567179,0.0004333487896107502
2.4044182025799667,0.00042521576810368477
2.4226451026507996,0.0004172324434496585
2.441010173313518,0.0004093961271618638
2.459514461982241,0.0004017041762864753
2.478159024011099,0.00039415399235466313
2.496944922754423,0.00038674302226216774
2.515873229627405,0.000379468757617084
2.5349450241671807,0.00037232873398310986
2.5541613940944137,0.00036532053013504505
2.573523435375329,0.00035844176732639733
2.5930322522842175,0.00035169010856887935
2.6126889574664136,0.0003450632579236247
2.632494672001768,0.00033855895981604867
2.6524505254685606,0.0003321749985354446
2.672557656007943,0.0003259091975078203
2.6928172103888435,0.0003197594184645479
2.7132303440733705,0.0003137235607856791
2.7337982212827097,0.00030779956085900376
2.754522015063539,0.0003019853914495655
2.775402907354905,0.00029627906107949095
2.7964420890556485,0.00029067861341794475
2.8176407600923246,0.0002851821266810744
2.8390001294876326,0.00027978771304801607
2.860521415429369,0.0002744935181272512
2.8822058453399237,0.0002692977203551663
2.9040546559462532,0.00026419853040554034
2.9260690933504336,0.00025919419063717784
2.9482504131007263,0.000254282974550871
2.970599880263184,0.0002494631862552834
2.993118769493799,0.0002447331599416451
3.015808365111216,0.000240091259367087
3.0386699611699557,0.00023553587734651902
3.0617048615342335,0.00023106543537904567
3.0849143799523215,0.00022667838364518597
3.1082998401314756,0.0002223732000448228
3.13186257581342,0.0002181483895171524
3.155603930850443,0.00021400248357635577
3.1795252592820034,0.00020993403985497945
3.2036279254119786,0.00020594164165482483
3.2279133038864707,0.0002020238975052389
3.252382779772205,0.0001981794407286793
3.2770377486355176,0.00019440692901308873
3.3018796166219744,0.00019070504348764697
3.3269098005365327,0.00018707248737301091
3.3521297279243663,0.00018350798689517725
3.3775408371522806,0.0001800102911693845
3.4031445774907434,0.00017657817179931855
3.4289424091965377,0.00017321042248312607
3.454935803596065,0.00016990585862611802
3.4811262431692294,0.00016666331696006724
3.5075152216340055,0.0001634816551689763
3.534104244031627,0.00016035975152460438
3.5608948268124228,0.00015729650484508367
3.587888497922297,0.00015429083437039584
3.6150867968899014,0.00015134167885083068
3.6424912749143963,0.00014844799614172034
3.670103494953949,0.00014560876286921044
3.6979250318148664,0.0001428229741016814
3.72595747224141,0.00014008964302671933
3.754202415006288,0.00013740780063355442
3.7826614710018607,0.00013477649540086735
3.8113362633319796,0.00013219479299478198
3.8402284274045826,0.000129661776104707
3.8693396110249556,0.00012717654415349055
3.898671474489719,0.00012473821284226814
3.928225690681504,0.00012234591385566358
3.9580039451643985,0.00011999879458114984
3.9880079362800305,0.00011769601783317102
4.018239375244462,0.00011543676158193004
4.048699986245775,0.00011322021868678296
4.07939150654241,0.00011104559663415569
4.110315686562238,0.00010891211724614541
4.141474290002421,0.00010681901601039431
4.172869093929957,0.00010476554199698307
4.204501888883063,0.00010275095795179859
4.236374478973285,0.00010077454006073658
4.268488681988391,9.883557771047181e-05
4.300846329496051,9.693337325337024e-05
4.3334492669482785,9.506724177647103e-05
4.366299353786723,9.32365108744686e-05
4.399398463548668,9.144052042663383e-05
4.4327484839739135,8.967862237044483e-05
4.466351317112439,8.795018044166931e-05
4.500208879432874,8.625456999582913e-05
4.5343231019317995,8.459117782475118e-05
4.568695930243903,8.295940195201779e-05
4.603329324752904,8.135865143186727e-05
4.638225260703386,7.978834615159659e-05
4.673385728313447,7.824791663741216e-05
4.708812732888202,7.673680386367e-05
4.744508294934149,7.525445906544541e-05
4.7804744502744345,7.380034366890477e-05
4.816713250164912,7.237392947428541e-05
4.85322676141117,7.097469808313468e-05
4.890017066486393,6.960214058626189e-05
4.927086263650128,6.825575739473058e-05
4.964436467067961,6.693505807376315e-05
5.002069806932113,6.563956117950319e-05
5.039988429582887,6.43687940985955e-05
5.078194497631111,6.312229289053016e-05
5.116690190081474,6.189960213222915e-05
5.155477702456798,6.0700274548711265e-05
5.194559246923245,5.9523870546120595e-05
5.233937052416523,5.836995857216614e-05
5.273613364768949,5.723811506181161e-05
5.313590446837582,5.6127924292248736e-05
5.353870578633256,5.503897824044834e-05
5.39445605745063,5.3970876443243095e-05
5.435349197999194,5.2923225859899585e-05
5.476552332535318,5.1895640737132294e-05
5.5180678109952215,5.088774247865759e-05
5.559898001129021,4.989915964808592e-05
5.602045288635771,4.8929527906706087e-05
5.644512077299524,4.797848967884086e-05
5.687300789126413,4.70456940097745e-05
5.730413864482832,4.613079644587357e-05
5.773853762234548,4.5233458916823595e-05
5.81762295988699,4.435334961993931e-05
5.861723953726524,4.349014290651871e-05
5.906159258962833,4.2643519170202554e-05
5.950931409872355,4.181316473759458e-05
5.996042959942861,4.0998771766774595e-05
6.041496482019025,4.020003814087225e-05
6.087294568449202,3.941666735745584e-05
6.133439831233268,3.864836842617093e-05
6.179934902171592,3.7894855768487107e-05
6.226782433015121,3.7155849119220594e-05
6.27398509561666,3.6431073429801624e-05
6.321545582083197,3.572025877326013e-05
6.3694666049294755,3.5023140250894855e-05
6.417750897232697,3.4339457886755134e-05
6.466401212788384,3.366895639824748e-05
6.515420326267441,3.301138517800412e-05
6.564811033374433,3.236649830834729e-05
6.614576151006975,3.1734054476612537e-05
6.664718517416426,3.1113816890405104e-05
6.715240992369755,3.0505553194387244e-05
6.7661464573126455,2.9909035388566173e-05
6.817437815533814,2.9324039748058722e-05
6.8691179923306445,2.8750346744304128e-05
6.9211899351759545,2.8187741000368974e-05
6.973656613886149,2.7636011383138255e-05
7.026521020790577,2.7094950787560986e-05
7.079786170902207,2.656435598034734e-05
7.1334551020895525,2.6044027529014248e-05
7.187530875249998,2.5533769732379833e-05
7.242016574484278,2.5033390552296496e-05
7.296915307272444,2.4542701546597656e-05
7.352230204651058,2.4061517803239328e-05
7.407964421391783,2.3589657875615452e-05
7.46412113618128,2.312694367012777e-05
7.520703551802566,2.2673200257521186e-05
7.577714895317589,2.2228255963518933e-05
7.635158418251333,2.1791942351941118e-05
7.693037396777248,2.136409416460919e-05
7.751355131904098,2.0944549262345474e-05
7.810114949664219,2.0533148567048856e-05
7.869320201303264,2.0129736004825865e-05
7.928974263471249,1.9734158450160806e-05
7.989080538415192,1.9346265671300254e-05
8.049642454173142,1.896591031818283e-05
8.110663464769681,1.8592947916645504e-05
8.172147050412915,1.8227236729496567e-05
8.234096717693006,1.7868637692817414e-05
8.296515999782088,1.7517014366515144e-05
8.35940845663582,1.7172232885767485e-05
8.422777675196421,1.683416191334652e-05
8.486627269597227,1.650267259280489e-05
8.550960881368812,1.6177638502508875e-05
8.615782179646738,1.5858935610223908e-05
8.681094861380712,1.5546442216496436e-05
8.746902651545511,1.5240038907500472e-05
8.8132093033534,1.493960852960591e-05
8.880018598468197,1.4645036148669291e-05
8.947334347220933,1.4356209008732357e-05
9.01516038882723,1.4073016491472918e-05
9.083500591606166,1.379535007639537e-05
9.152358853200969,1.3523103301746796e-05
9.22173910080128,1.3256171726146258e-05
9.291645291367146,1.2994452890478457e-05
9.362081411854676,1.2737846273454156e-05
9.43305147944349,1.2486253256999316e-05
9.504559541765737,1.2239577097747996e-05
9.57660967713701,1.1997722892242113e-05
9.649205994788929,1.1760597542524297e-05
9.722352635103489,1.1528109722361624e-05
9.796053769849198,1.1300169844088963e-05
9.87031360241907,1.1076690026060549e-05
9.945136368070251,1.0857584060699693e-05
10.020526334165632,1.0642767383991762e-05
10.096487800417222,1.0432157051781168e-05
10.173025099131365,1.0225671705261961e-05
10.250142595455811,1.0023231536695221e-05
10.327844687628751,9.82475826028984e-06
10.406135807229532,9.63017508366695e-06
10.485020419431507,9.43940667984843e-06
10.564503023256645,9.252379159760633e-06
10.644588151832153,9.069020045243847e-06
10.725280372648974,8.889258242558579e-06
10.806584287822371,8.71302401793888e-06
10.888504534354283,8.540248978701156e-06
10.971045784397862,8.370866041975038e-06
11.054212745523918,8.204809407169657e-06
11.138010160989412,8.04201453187788e-06
11.222442810007953,7.882418108226245e-06
11.30751550802245,7.725958039660353e-06
11.393233106979638,7.572573418158582e-06
11.479600495606874,7.4222045018652086e-06
11.566622599690927,7.274792693133452e-06
11.654304382358928,7.130280507581333e-06
11.742650844361394,6.988611533451886e-06
11.831667024357534,6.849730436976083e-06
11.921357999202481,6.713582948137484e-06
12.011728884236927,6.580115840503622e-06
12.102784833578852,6.449276911433985e-06
12.194531040417464,6.321014962657495e-06
12.28697273730938,6.195279781212868e-06
12.380115196477126,6.072022120744807e-06
12.473963730109691,5.951193683289959e-06
12.568523690665613,5.832747118031837e-06
12.663800471178188,5.7166360177417325e-06
12.759799505563079,5.6028148702156155e-06
12.856526268928205,5.49123903748396e-06
12.953986277886,5.3818647393100846e-06
13.052185090868125,5.274649036993121e-06
13.151128308442336,5.169549817470844e-06
13.25082157363201,5.066525777716208e-06
13.351270572237937,4.965536409422853e-06
13.452481033162625,4.866541983243618e-06
13.554458728736993,4.769503510437262e-06
13.657209475049685,4.674382725491361e-06
13.760739132278639,4.581142101630119e-06
13.865053605025397,4.4897448385410954e-06
13.970158842651847,4.400154848478054e-06
14.076060839619537,4.3123367426261325e-06
14.182765635831505,4.226255817724571e-06
14.290279316976887,4.1418780429420555e-06
14.398608014877835,4.059170047000258e-06
14.507757907839329,3.9780991068367e-06
14.617735221001524,3.898633152967149e-06
14.72854622669479,3.820740751171168e-06
14.840197244797416,3.7443910753246754e-06
14.952694643096152,3.6695538954306376e-06
15.066044837649226,3.596199566267802e-06
15.180254293152375,3.5242990162514685e-06
15.295329523307522,3.4538237365026683e-06
15.411277091194274,3.3847457701218535e-06
15.528103609644198,3.3170377016633513e-06
15.645815741618089,3.2506726450323578e-06
15.764420200585807,3.185624221239625e-06
15.883923750909283,3.12186655695703e-06
16.004333208228267,3.059374281828306e-06
16.125655439849073,2.9981225188527736e-06
16.24789736513618,2.9380868749062837e-06
16.371065955907,2.8792434314417823e-06
16.495168236829322,2.8215687353663405e-06
16.62021128582207,2.7650397900910644e-06
16.746202234458938,2.709634046750867e-06
16.873148268375132,2.6553293955440563e-06
17.001056627677166,2.6021041571183256e-06
17.12993460735588,2.5499370744511377e-06
17.25978955770235,2.4988073047828833e-06
17.390628884727192,2.4486944116378528e-06
17.522460050582925,2.3995783569970113e-06
17.655290573989557,2.3514394936195144e-06
17.78912803066338,2.3042585575103077e-06
17.923980053749148,2.2580166605309407e-06
18.059854334255228,2.2126952831532536e-06
18.19675862149239,2.1682762689230664e-06
18.334700723515706,2.1247418200744646e-06
18.473688507569893,2.0820744867810897e-06
18.61372990053796,2.0402571596844843e-06
18.75483288939345,1.99927306333524e-06
18.897005521655732,1.9591057497586976e-06
19.040255905849136,1.9197390921427843e-06
19.184592211965356,1.8811572786457459e-06
19.33002267192942,1.843344806321552e-06
19.476555580069128,1.806286475124879e-06
19.624199293588276,1.7699673793388976e-06
19.77296223304304,1.7343729002109167e-06
19.922852882822397,1.6994887048629335e-06
20.07387979163196,1.6653007412206102e-06
20.226051572981554,1.6317952325699243e-06
20.379376905676416,1.5989586722180912e-06
20.533864534312325,1.5667778182567859e-06
20.689523269774124,1.5352396884258112e-06
20.846361989738355,1.5043315550751538e-06
21.004389639179564,1.4740409401649119e-06
21.163615230880442,1.4443556089727282e-06
21.324047845945824,1.4152635653843212e-06
21.485696634320767,1.3867530488632366e-06
21.64857081531215,1.3588125299483131e-06
21.812679678114655,1.331430705756424e-06
21.978032582340497,1.3045964955718883e-06
22.144638958553248,1.278299036520849e-06
22.31250830880564,1.252527679329021e-06
22.481650207181655,1.2272719841611841e-06
22.65207430034233,1.202521716911485e-06
22.82379030807609,1.1782668493204812e-06
22.99680802385306,1.1544975531705247e-06
23.171137315383593,1.1312041932682932e-06
23.346788125181057,1.1083773236410568e-06
23.523770471129016,1.0860076838651149e-06
23.70209444705234,1.0640861954645282e-06
23.881770223293056,1.0426039583787312e-06
24.062808047290343,1.0215522474978154e-06
24.245218244164985,1.0009225092641526e-06
24.429011217308194,9.807063576129097e-07
24.61419744897511,9.608955666013047e-07
24.80078750088239,9.414820704693252e-07
24.988792014810752,9.224579626384101e-07
25.178221713211826,9.038154926040396e-07
25.369087399819733,8.855470628813464e-07
25.561399960267188,8.676452260099417e-07
25.75517036270652,8.501026816168436e-07
25.950409658434946,8.329122735363917e-07
26.147128982525047,8.160669869860265e-07
26.345339554459773,7.995599463704744e-07
26.545052678772358,7.833844142071847e-07
26.74627974569096,7.675337865787097e-07
26.94903223178849,7.520015899307357e-07
27.153321700636877,7.367814785248335e-07
27.35915980346675,7.218672319403811e-07
27.56655827983191,7.072527526247714e-07
27.775528958278834,6.929320634909646e-07
27.9860837570213,6.788993055614902e-07
28.198234684620267,6.651487356559794e-07
28.41199384066848,6.516747235216626e-07
28.627373416480754,6.384717488374455e-07
28.844385695789203,6.255344003709631e-07
29.06304305544385,6.128573740567575e-07
29.283357966118437,6.004354708921793e-07
29.505342993021884,5.882635948742082e-07
29.72901079661462,5.763367509764401e-07
29.954374133330823,5.646500431654205e-07
30.181445856305935,5.531986724555918e-07
30.410238916109694,5.419779350096772e-07
30.64076636148471,5.309832206615575e-07
30.873041340090868,5.202100112346418e-07
31.107077099254855,5.096538781592182e-07
31.342886986725937,4.993104806630057e-07
31.580484451437133,4.891755640466445e-07
31.819883044272267,4.792449579927233e-07
32.06109641883875,4.695145749076839e-07
32.304138332246524,4.599804082959699e-07
32.54902264589231,4.506385311658249e-07
32.79576332625039,4.414850944472419e-07
33.04437444566914,4.325163250975142e-07
33.29487018317359,4.237285246589163e-07
33.54726482527401,4.151180681510444e-07
33.80157276678099,4.066814026373561e-07
34.05780851162605,3.9841504580541463e-07
34.31598667368907,3.903155845748389e-07
34.57612197763171,3.8237967373245395e-07
34.8382292597372,3.746040345941028e-07
35.102323468756445,3.669854536926071e-07
35.36841966676083,3.5952078149401016e-07
35.63653303000089,3.5220693116043496e-07
35.90667884977208,3.4504087729999856e-07
36.17887253328688,3.380196547377854e-07
36.45312960455345,3.3114035732710984e-07
36.72946570526098,3.24400136784248e-07
37.00789659567202,3.177962015459531e-07
37.288438155520986,3.1132581564934836e-07
37.57110638492003,3.049862976337183e-07
37.85591740527154,2.987750194638091e-07
38.14288746018761,2.9268940547609596e-07
38.43203291641636,2.867269313526724e-07
38.72337026477565,2.8088512309867893e-07
39.01691612109323,2.7516155604337144e-07
39.31268722715463,2.695538538648642e-07
39.61070045165791,2.6405968763399355e-07
39.910972791175794,2.5867677487692446e-07
40.21352137112495,2.5340287865612913e-07
40.51836344674271,2.4823580666938836e-07
40.82551640407144,2.431734103664482e-07
41.134997760949666,2.3821358401623467e-07
41.446825168011486,2.3335426370343655e-07
41.761016409693156,2.2859342669297367e-07
42.077589405247394,2.239290906647343e-07
42.39656220976528,2.1935931291221887e-07
42.717953015206305,2.148821895569437e-07
43.04178015143545,2.1049585477830756e-07
43.36806208726889,2.0619848005860091e-07
43.69681743152728,2.0198827344287724e-07
44.028064934097024,1.9786347881330017e-07
44.36182348699962,1.9382237516374935e-07
44.69811212546934,1.8986327588879067e-07
45.036950029038536,1.8598452812800062e-07
45.378356522631684,1.8218451209957814e-07
45.722351077667554,1.784616404432779e-07
46.06895331316965,1.748143575762918e-07
46.41818299688516,1.7124113906182898e-07
46.770060046412574,1.6774049099013754e-07
47.124604530337244,1.6431094937174214e-07
47.48183666937625,1.6095107954259882e-07
47.84177683753156,1.576594755796072e-07
48.20444556325202,1.544347597287538e-07
48.56986353060409,1.5127558184671327e-07
48.93805158045181,1.4818061885173082e-07
49.30903071164497,1.4514857418521968e-07
49.68282208221703,1.4217817728398055e-07
50.05944701059175,1.3926818306284365e-07
50.43892697679902,1.3641737140752872e-07
50.82128362369989,1.33624546677521e-07
51.20653875822128,1.308885372101517e-07
51.5947143525991,1.2820819471152694e-07
51.98583254563179,1.2558239382663175e-07
52.379915643942866,1.2301003179957678e-07
52.77698612325314,1.2049002802623617e-07
53.17706662966249,1.1802132361219185e-07
53.58017998094174,1.1560288093943802e-07
53.98634916783359,1.1323368324168147e-07
54.39559735536408,1.1091273418805718e-07
54.807947884163774,1.0863905747510308e-07
55.2234242717989,1.0641169643298536e-07
55.64205021411251,1.042297136796792e-07
56.063849586576346,1.020921907063783e-07
56.488846445651966,9.999822747237796e-08
56.91706503016306,9.794694203605497e-08
57.34852976267785,9.593747019340338e-08
57.78326525090194,9.396896512373671e-08
58.221296289081685,9.2040597042418e-08
58.662647859418634,9.015155286047651e-08
59.10734513349382,8.830103585098138e-08
59.555413473703695,8.648826530769314e-08
60.00687843470654,8.47124761692585e-08
60.46176576487997,8.29729187598057e-08
60.92010140778926,8.126885850425778e-08
61.381911503667475,7.959957562610028e-08
61.84722239090563,7.796436485115533e-08
62.31606060755529,7.636253511724314e-08
62.788452892842066,7.479340928962115e-08
63.264426188690514,7.325632388208378e-08
63.74400764126073,7.175062878357436e-08
64.22722460249692,7.027568693875912e-08
64.71410463168672,6.88308739903844e-08
65.20467549703348,6.741557815749915e-08
65.6989651772398,6.602920001211772e-08
66.19700186310324,6.467115223108997e-08
66.69881395912404,6.334085935293114e-08
67.20443008512555,6.203775753951215e-08
67.71387907788584,6.076129434251763e-08
68.22718999278273,5.951092847457075e-08
68.7443921054509,5.8286129585365645e-08
69.26551491345147,5.708637808225281e-08
69.7905881379543,5.591116494356019e-08
70.31964172543346,5.4759991436286424e-08
70.85270584937452,5.3632368901474254e-08
71.38981091199587,5.252781855195277e-08
71.93098754598257,5.144587127411752e-08
72.47626661623339,5.038606743366679e-08
73.02567922162098,4.9347956685216725e-08
73.57925669676608,4.833109778571552e-08
74.13703061382388,4.733505840987478e-08
74.69903278428512,4.6359414922961005e-08
75.26529526079027,4.540375220322089e-08
75.83585033895767,4.4467663527055425e-08
76.41073055922521,4.355075040314377e-08
76.98996870870683,4.2652622406691716e-08
77.57359782306155,4.1772897017003905e-08
78.16165118837826,4.091119945830839e-08
78.75416234307389,4.00671625437727e-08
79.35116507980624,3.924042652264576e-08
79.95269344740116,3.843063892428448e-08
80.55878175279497,3.763745433530444e-08
81.16946456299024,3.6860534286596065e-08
81.78477670702787,3.609954717423732e-08
82.40475327797333,3.5354168122137645e-08
83.02942963491805,3.462407884608143e-08
83.65884140499602,3.3908967520510854e-08
84.2930244854162,3.3208528647991816e-08
84.93201504550899,3.252246293131163e-08
85.57584952878975,3.185047714815211e-08
86.22456465503703,3.119228403607095e-08
86.87819742238675,3.054760222040831e-08
87.53678510944236,2.9916156060073964e-08
88.20036527740139,2.929767550534627e-08
88.8689757721968,2.8691895984915266e-08
89.54265472665614,2.809855829531908e-08
90.22144056267611,2.7517408492602127e-08
90.90537199341387,2.694819778614974e-08
91.59448802549495,2.639068243465605e-08
92.2888279612384,2.584462364418154e-08
92.98843140089744,2.5309787441130608e-08
93.69333824491858,2.47859444885524e-08
94.40358869621713,2.427287008426958e-08
95.11922326247006,2.3770344099381232e-08
95.84028275842608,2.3278150885455976e-08
96.56680830823424,2.2796079183604493e-08
97.2988413477882,2.2323922035395704e-08
98.0364236270901,2.1861476695576954e-08
98.77959721263169,2.140854454656331e-08
99.52840448979327,2.0964931014684498e-08
100.28288816526118,2.0530445499354303e-08
101.04309126946386,2.0104901308980068e-08
101.80905715902514,1.968811555577307e-08
102.58082951923774,1.9279909073901387e-08
103.35845236655439,1.888010634404319e-08
104.14197005109847,1.8488535419465146e-08
104.93142725919307,1.810502785359517e-08
105.72686901591032,1.772941862905886e-08
106.52834068763832,1.736154608815148e-08
107.33588798466917,1.7001251864280512e-08
108.14955696380575,1.6648380788211717e-08
108.96939403098852,1.6302780809574817e-08
109.7954459439421,1.5964302975341217e-08
110.62775981484249,1.5632801370803302e-08
111.4663831130032,1.530813305776434e-08
112.31136366758304,1.49901580139838e-08
113.16274967031391,1.4678739073853775e-08
114.02058967824942,1.4373741870280923e-08
114.88493261653377,1.4075034777749687e-08
115.75582778119315,1.3782488855584677e-08
116.6333248419459,1.3495977772590896e-08
117.51747384503615,1.3215377755673978e-08
118.40832521608792,1.2940567559556385e-08
119.30592976298101,1.2671428416205758e-08
120.21033867874874,1.2407843984315844e-08
121.12160354449755,1.214970029981785e-08
122.03977633234939,1.1896885727400974e-08
122.96490940840482,1.1649290913022174e-08
123.89705553573039,1.1406808737383967e-08
124.83626787736755,1.1169334269879925e-08
125.78259999936485,1.0936764719121754e-08
126.73610587383268,1.0708999391678255e-08
127.69683988202236,1.0485939652754932e-08
128.6648568174262,1.0267488884243785e-08
129.6402118889037,1.0053552443573615e-08
130.62296072382983,9.844037623400388e-09
131.61315937126764,9.638853612120061e-09
132.6108643051648,9.437911455187252e-09
133.61613242757517,9.241124017222896e-09
134.6290210719031,9.048405940373714e-09
135.64958800617373,8.859673584754459e-09
136.67789143632794,8.674845012492108e-09
137.7139900095416,8.493839964322054e-09
138.7579428175704,8.316579825252551e-09
139.80980940012097,8.142987590907187e-09
140.86964974824502,7.972987834558012e-09
141.93752430776192,7.806506674834223e-09
143.0134939827057,7.643471744093166e-09
144.09762013879885,7.483812157439682e-09
145.18996460695163,7.3274584793371646e-09
146.2905896867897,7.174342686063182e-09
147.39955815020556,7.024398146091835e-09
148.51693324493988,6.877559594266012e-09
149.64277869818812,6.733763103794947e-09
150.77715872023546,6.592946058826986e-09
151.9201380081182,6.455047127585727e-09
153.07178174931505,6.320006236057751e-09
154.2321556254633,6.187764542220993e-09
155.40132581610567,6.058264410760205e-09
156.57935900246474,5.931449379511312e-09
157.76632237124588,5.807264125376411e-09
158.96228361846866,5.685654459089268e-09
160.16731095332923,5.5665673046746935e-09
161.38147310208848,5.449950676564653e-09
162.60483931199292,5.335753657186398e-09
163.8374793552239,5.223926375013185e-09
165.07946353287673,5.114419983067842e-09
166.33086267897,5.007186637869801e-09
167.59174816448657,4.90217947871396e-09
168.8621919014424,4.799352603000805e-09
170.14226634698883,4.6986610451697656e-09
171.43204450754507,4.600060763641582e-09
172.7315999429617,4.503508622294068e-09
174.04100677071594,4.408962371836049e-09
175.36033967013964,4.31638063156601e-09
176.68967388667704,4.225722871507787e-09
178.0290852361772,4.136949394914986e-09
179.3786501092179,4.050021321136803e-09
180.73844547546216,3.964900568311179e-09
182.10854888804792,3.881549827955349e-09
183.4890384880123,3.799932550977507e-09
184.8799930087465,3.720012940527243e-09
186.2814917804871,3.6417559367795218e-09
187.69361473484062,3.5651272017395753e-09
189.11644240934186,3.490093104362827e-09
190.5500559520471,3.416620705983263e-09
191.9945371261635,3.3446777460437177e-09
193.44996831471022,3.2742326281219924e-09
194.91643252521843,3.2052544053534377e-09
196.39401339446496,3.1377127596708423e-09
197.88279519324257,3.0715779931903084e-09
199.38286283116565,3.00682102016889e-09
200.89430186151435,2.9434133544111392e-09
202.41719848611172,2.881327096887601e-09
203.95163956024163,2.820534923610543e-09
205.4977125976018,2.761010073761743e-09
207.05550577529533,2.702726338066943e-09
208.6251079388589,2.6456580474118213e-09
210.20660860733165,2.589780060846853e-09
211.8000979783584,2.5350677510790883e-09
213.40566693333548,2.4814969971775642e-09
215.02340704259333,2.429044175701211e-09
216.6534105706193,2.3776861504205588e-09
218.29577048131935,2.327400262252068e-09
219.95058044332143,2.2781643194017657e-09
221.61793483531542,2.2299565877139585e-09
223.2979287514375,2.1827557812204837e-09
224.9906580066932,2.136541052885887e-09
226.69621914242182,2.0912919838345854e-09
228.4147094318024,2.0469885709482867e-09
230.14622688540277,2.003611222953685e-09
231.89087025676736,1.9611407530292296e-09
233.6487390480505,1.91955837043827e-09
235.41993351569144,1.878845672336622e-09
237.204554676132,1.8389846357508425e-09
239.00270431157728,1.7999576097236098e-09
240.81448497580266,1.7617473076226424e-09
242.63999999999982,1.7243367995900744e-09
